{
  "format": "aero_hand_coupled_observation_calibration_v1",
  "method": "guarded_nearest_pose_v1",
  "status": "offline_only",
  "source_logs": [
    "logs/coupled_current_baseline_20260713_095516.csv",
    "logs/coupled_current_baseline_20260713_095924.csv",
    "logs/coupled_current_baseline_20260713_100341.csv",
    "logs/coupled_current_baseline_20260713_101750.csv",
    "logs/coupled_current_baseline_20260713_102428.csv",
    "logs/coupled_current_baseline_20260713_102644.csv",
    "logs/coupled_current_baseline_20260713_102822.csv",
    "logs/coupled_current_baseline_20260713_102911.csv",
    "logs/coupled_current_baseline_20260713_102952.csv"
  ],
  "channel_order": [
    "thumb_abd",
    "thumb_flex",
    "thumb_tendon",
    "index",
    "middle",
    "ring",
    "pinky"
  ],
  "position_feature": "measured_get_pos_normalized",
  "max_nearest_distance": 0.08,
  "samples": [
    {
      "source_step": 0,
      "sample_count": 24,
      "position_median": [
        0.324239,
        0.098054,
        0.289921,
        0.797131,
        0.661677,
        0.563745,
        0.603098
      ],
      "position_std": [
        0.0,
        0.0,
        0.0,
        0.0,
        0.0,
        0.0,
        0.0
      ],
      "current_baseline_ma": [
        130.0,
        224.25,
        -403.0,
        981.5,
        919.75,
        858.0,
        887.25
      ],
      "current_std_ma": [
        20.164,
        20.338,
        25.91,
        20.803,
        27.873,
        23.17,
        21.633
      ]
    },
    {
      "source_step": 12,
      "sample_count": 24,
      "position_median": [
        0.862913,
        0.180041,
        0.370459,
        0.813596,
        0.407248,
        0.637888,
        0.508843
      ],
      "position_std": [
        0.0,
        0.0,
        0.0,
        0.0,
        0.0,
        0.0,
        0.0
      ],
      "current_baseline_ma": [
        58.5,
        97.5,
        -240.5,
        981.5,
        838.5,
        916.5,
        702.0
      ],
      "current_std_ma": [
        18.762,
        10.046,
        12.989,
        18.638,
        20.383,
        17.493,
        17.55
      ]
    },
    {
      "source_step": 24,
      "sample_count": 24,
      "position_median": [
        0.703853,
        0.139467,
        0.303349,
        0.74374,
        0.432578,
        0.6748,
        0.670222
      ],
      "position_std": [
        0.0,
        0.0,
        0.0,
        0.0,
        0.0,
        0.0,
        0.0
      ],
      "current_baseline_ma": [
        55.25,
        149.5,
        -201.5,
        929.5,
        776.75,
        1014.0,
        897.0
      ],
      "current_std_ma": [
        20.837,
        10.416,
        15.067,
        18.902,
        27.703,
        48.375,
        13.66
      ]
    },
    {
      "source_step": 36,
      "sample_count": 24,
      "position_median": [
        0.386633,
        0.251041,
        0.385901,
        0.74374,
        0.536294,
        0.486564,
        0.670222
      ],
      "position_std": [
        0.0,
        0.0,
        0.0,
        0.0,
        0.0,
        0.0,
        0.0
      ],
      "current_baseline_ma": [
        81.25,
        344.5,
        -503.75,
        926.25,
        916.5,
        737.75,
        897.0
      ],
      "current_std_ma": [
        26.167,
        21.719,
        15.845,
        33.653,
        21.556,
        43.924,
        17.965
      ]
    },
    {
      "source_step": 48,
      "sample_count": 16,
      "position_median": [
        0.512291,
        0.214694,
        0.33724,
        0.917937,
        0.505791,
        0.434104,
        0.629038
      ],
      "position_std": [
        0.0,
        0.0,
        0.0,
        0.0,
        0.0,
        0.0,
        0.0
      ],
      "current_baseline_ma": [
        107.25,
        230.75,
        -269.75,
        988.0,
        832.0,
        877.5,
        900.25
      ],
      "current_std_ma": [
        19.664,
        11.49,
        11.368,
        25.639,
        20.1,
        26.92,
        19.664
      ]
    },
    {
      "source_step": 60,
      "sample_count": 16,
      "position_median": [
        0.725826,
        0.118761,
        0.303349,
        0.775311,
        0.392157,
        0.681651,
        0.687755
      ],
      "position_std": [
        0.0,
        0.0,
        0.0,
        0.0,
        0.0,
        0.0,
        0.0
      ],
      "current_baseline_ma": [
        78.0,
        45.5,
        -234.0,
        1030.25,
        728.0,
        939.25,
        819.0
      ],
      "current_std_ma": [
        18.736,
        18.63,
        15.75,
        33.439,
        33.616,
        35.655,
        40.714
      ]
    },
    {
      "source_step": 72,
      "sample_count": 16,
      "position_median": [
        0.617746,
        0.139887,
        0.302678,
        0.721462,
        0.420066,
        0.681651,
        0.717205
      ],
      "position_std": [
        0.0,
        0.0,
        0.0,
        0.0,
        0.0,
        0.0,
        0.0
      ],
      "current_baseline_ma": [
        78.0,
        139.75,
        -247.0,
        1053.0,
        835.25,
        926.25,
        893.75
      ],
      "current_std_ma": [
        24.805,
        16.809,
        18.367,
        13.541,
        22.399,
        34.077,
        21.047
      ]
    },
    {
      "source_step": 84,
      "sample_count": 16,
      "position_median": [
        0.744274,
        0.141161,
        0.280522,
        0.791638,
        0.360266,
        0.717967,
        0.618967
      ],
      "position_std": [
        0.0,
        0.0,
        0.0,
        0.0,
        0.0,
        0.0,
        0.0
      ],
      "current_baseline_ma": [
        84.5,
        94.25,
        -234.0,
        1020.5,
        812.5,
        1075.75,
        942.5
      ],
      "current_std_ma": [
        17.421,
        8.751,
        11.654,
        15.671,
        25.69,
        23.534,
        14.073
      ]
    },
    {
      "source_step": 96,
      "sample_count": 16,
      "position_median": [
        0.561944,
        0.196109,
        0.304356,
        0.766461,
        0.440345,
        0.578698,
        0.631479
      ],
      "position_std": [
        0.0,
        0.0,
        0.0,
        0.0,
        0.0,
        0.0,
        0.0
      ],
      "current_baseline_ma": [
        94.25,
        204.75,
        -240.5,
        1030.25,
        734.5,
        955.5,
        890.5
      ],
      "current_std_ma": [
        22.039,
        12.349,
        11.83,
        17.907,
        31.415,
        21.907,
        18.793
      ]
    },
    {
      "source_step": 108,
      "sample_count": 16,
      "position_median": [
        0.430137,
        0.223575,
        0.468116,
        0.794842,
        0.580529,
        0.45774,
        0.763409
      ],
      "position_std": [
        0.001,
        0.0,
        0.0,
        0.0,
        0.0,
        0.0,
        0.0
      ],
      "current_baseline_ma": [
        32.5,
        273.0,
        -572.0,
        1033.5,
        929.5,
        786.5,
        913.25
      ],
      "current_std_ma": [
        33.618,
        21.435,
        23.309,
        22.851,
        25.161,
        40.362,
        26.553
      ]
    },
    {
      "source_step": 120,
      "sample_count": 16,
      "position_median": [
        0.496483,
        0.272602,
        0.381872,
        0.836027,
        0.372168,
        0.605539,
        0.698589
      ],
      "position_std": [
        0.0,
        0.0,
        0.0,
        0.0,
        0.0,
        0.0,
        0.0
      ],
      "current_baseline_ma": [
        104.0,
        273.0,
        -299.0,
        1040.0,
        825.5,
        936.0,
        854.75
      ],
      "current_std_ma": [
        20.794,
        19.635,
        16.804,
        23.153,
        26.49,
        24.828,
        28.379
      ]
    }
  ],