{
  "format": "aero_hand_coupled_observation_calibration_v1",
  "method": "guarded_nearest_pose_v1",
  "status": "offline_only",
  "source_logs": [
    "logs/coupled_current_baseline_20260713_095516.csv",
    "logs/coupled_current_baseline_20260713_095924.csv",
    "logs/coupled_current_baseline_20260713_100341.csv",
    "logs/coupled_current_baseline_20260713_101750.csv",
    "logs/coupled_current_baseline_20260713_102428.csv",
    "logs/coupled_current_baseline_20260713_102644.csv",
    "logs/coupled_current_baseline_20260713_102822.csv",
    "logs/coupled_current_baseline_20260713_102911.csv",
    "logs/coupled_current_baseline_20260713_102952.csv",
    "logs/coupled_current_baseline_20260713_103533.csv",
    "logs/coupled_current_baseline_20260713_103625.csv",
    "logs/coupled_current_baseline_20260713_103735.csv",
    "logs/coupled_current_baseline_20260713_103805.csv",
    "logs/coupled_current_baseline_20260713_104230.csv",
    "logs/coupled_current_baseline_20260713_104304.csv"
  ],
  "channel_order": [
    "thumb_abd",
    "thumb_flex",
    "thumb_tendon",
    "index",
    "middle",
    "ring",
    "pinky"
  ],
  "position_feature": "measured_get_pos_normalized",
  "max_nearest_distance": 0.08,
  "samples": [
    {
      "source_step": 0,
      "sample_count": 24,
      "position_median": [
        0.324239,
        0.098054,
        0.289921,
        0.797131,
        0.661677,
        0.563745,
        0.603098
      ],
      "position_std": [
        0.0,
        0.0,
        0.0,
        0.0,
        0.0,
        0.0,
        0.0
      ],
      "current_baseline_ma": [
        130.0,
        224.25,
        -403.0,
        981.5,
        919.75,
        858.0,
        887.25
      ],
      "current_std_ma": [
        20.164,
        20.338,
        25.91,
        20.803,
        27.873,
        23.17,
        21.633
      ]
    },
    {
      "source_step": 12,
      "sample_count": 24,
      "position_median": [
        0.862913,
        0.180041,
        0.370459,
        0.813596,
        0.407248,
        0.637888,
        0.508843
      ],
      "position_std": [
        0.0,
        0.0,
        0.0,
        0.0,
        0.0,
        0.0,
        0.0
      ],
      "current_baseline_ma": [
        58.5,
        97.5,
        -240.5,
        981.5,
        838.5,
        916.5,
        702.0
      ],
      "current_std_ma": [
        18.762,
        10.046,
        12.989,
        18.638,
        20.383,
        17.493,
        17.55
      ]
    },
    {
      "source_step": 24,
      "sample_count": 24,
      "position_median": [
        0.703853,
        0.139467,
        0.303349,
        0.74374,
        0.432578,
        0.6748,
        0.670222
      ],
      "position_std": [
        0.0,
        0.0,
        0.0,
        0.0,
        0.0,
        0.0,
        0.0
      ],
      "current_baseline_ma": [
        55.25,
        149.5,
        -201.5,
        929.5,
        776.75,
        1014.0,
        897.0
      ],
      "current_std_ma": [
        20.837,
        10.416,
        15.067,
        18.902,
        27.703,
        48.375,
        13.66
      ]
    },
    {
      "source_step": 32,
      "sample_count": 8,
      "position_median": [
        0.378729,
        0.182574,
        0.301335,
        0.883452,
        0.529885,
        0.486564,
        0.714153
      ],
      "position_std": [
        0.0,
        0.0,
        0.0,
        0.0,
        0.0,
        0.0,
        0.0
      ],
      "current_baseline_ma": [
        120.25,
        269.75,
        -325.0,
        962.0,
        871.0,
        698.75,
        939.25
      ],
      "current_std_ma": [
        19.21,
        12.898,
        10.148,
        19.886,
        18.51,
        27.946,
        17.782
      ]
    },
    {
      "source_step": 36,
      "sample_count": 24,
      "position_median": [
        0.386633,
        0.251041,
        0.385901,
        0.74374,
        0.536294,
        0.486564,
        0.670222
      ],
      "position_std": [
        0.0,
        0.0,
        0.0,
        0.0,
        0.0,
        0.0,
        0.0
      ],
      "current_baseline_ma": [
        81.25,
        344.5,
        -503.75,
        926.25,
        916.5,
        737.75,
        897.0
      ],
      "current_std_ma": [
        26.167,
        21.719,
        15.845,
        33.653,
        21.556,
        43.924,
        17.965
      ]
    },
    {
      "source_step": 45,
      "sample_count": 8,
      "position_median": [
        0.704738,
        0.252735,
        0.463416,
        0.90634,
        0.468574,
        0.526223,
        0.534463
      ],
      "position_std": [
        0.0,
        0.0,
        0.0,
        0.0,
        0.0,
        0.0,
        0.0
      ],
      "current_baseline_ma": [
        -13.0,
        165.75,
        -273.0,
        1062.75,
        747.5,
        815.75,
        835.25
      ],
      "current_std_ma": [
        8.863,
        10.148,
        15.048,
        17.727,
        33.372,
        24.416,
        23.979
      ]
    },
    {
      "source_step": 48,
      "sample_count": 16,
      "position_median": [
        0.512291,
        0.214694,
        0.33724,
        0.917937,
        0.505791,
        0.434104,
        0.629038
      ],
      "position_std": [
        0.0,
        0.0,
        0.0,
        0.0,
        0.0,
        0.0,
        0.0
      ],
      "current_baseline_ma": [
        107.25,
        230.75,
        -269.75,
        988.0,
        832.0,
        877.5,
        900.25
      ],
      "current_std_ma": [
        19.664,
        11.49,
        11.368,
        25.639,
        20.1,
        26.92,
        19.664
      ]
    },
    {
      "source_step": 60,
      "sample_count": 16,
      "position_median": [
        0.725826,
        0.118761,
        0.303349,
        0.775311,
        0.392157,
        0.681651,
        0.687755
      ],
      "position_std": [
        0.0,
        0.0,
        0.0,
        0.0,
        0.0,
        0.0,
        0.0
      ],
      "current_baseline_ma": [
        78.0,
        45.5,
        -234.0,
        1030.25,
        728.0,
        939.25,
        819.0
      ],
      "current_std_ma": [
        18.736,
        18.63,
        15.75,
        33.439,
        33.616,
        35.655,
        40.714
      ]
    },
    {
      "source_step": 69,
      "sample_count": 8,
      "position_median": [
        0.431449,
        0.240055,
        0.425834,
        0.814206,
        0.537819,
        0.611337,
        0.818784
      ],
      "position_std": [
        0.0,
        0.0,
        0.0,
        0.0,
        0.0,
        0.0,
        0.0
      ],
      "current_baseline_ma": [
        -6.5,
        292.5,
        -575.25,
        1017.25,
        981.5,
        962.0,
        994.5
      ],
      "current_std_ma": [
        7.083,
        5.57,
        10.245,
        18.095,
        26.0,
        24.198,
        27.661
      ]
    },
    {
      "source_step": 72,
      "sample_count": 16,
      "position_median": [
        0.617746,
        0.139887,
        0.302678,
        0.721462,
        0.420066,
        0.681651,
        0.717205
      ],
      "position_std": [
        0.0,
        0.0,
        0.0,
        0.0,
        0.0,
        0.0,
        0.0
      ],
      "current_baseline_ma": [
        78.0,
        139.75,
        -247.0,
        1053.0,
        835.25,
        926.25,
        893.75
      ],
      "current_std_ma": [
        24.805,
        16.809,
        18.367,
        13.541,
        22.399,
        34.077,
        21.047
      ]
    },
    {
      "source_step": 84,
      "sample_count": 16,
      "position_median": [
        0.744274,
        0.141161,
        0.280522,
        0.791638,
        0.360266,
        0.717967,
        0.618967
      ],
      "position_std": [
        0.0,
        0.0,
        0.0,
        0.0,
        0.0,
        0.0,
        0.0
      ],