{
  "env_name": "AeroCubeRotateZAxisRealObs",
  "checkpoint_root": "/home/hw/aero-hand-sim/logs/AeroCubeRotateZAxisRealObs-20260629-103814-real_obs_dr_v1_continue_20260629_103812/checkpoints/000169738240",
  "video_rollout_index": 0,
  "seed": 1,
  "num_rollouts": 3,
  "actor_observation_type": "real_obs",
  "action_mapping": {
    "sim_action_order": [
      "index",
      "middle",
      "ring",
      "pinky",
      "right_thumb_A_cmc_abd",
      "right_th1_A_tendon",
      "right_th2_A_tendon"
    ],
    "physical_order": [
      "thumb_abd",
      "thumb_flex",
      "thumb_tendon",
      "index",
      "middle",
      "ring",
      "pinky"
    ],
    "sim_to_physical_index": [
      4,
      5,
      6,
      0,
      1,
      2,
      3
    ],
    "action_sign_by_physical": {
      "thumb_abd": -1.0,
      "thumb_flex": -1.0,
      "thumb_tendon": 1.0,
      "index": 1.0,
      "middle": 1.0,
      "ring": 1.0,
      "pinky": -1.0
    },
    "formula": "clip(raw_rest + playback_scale * sign * sim_action[sim_to_physical_index], 0, 1)",
    "raw_rest": {
      "thumb_abd": 0.014,
      "thumb_flex": 0.0,
      "thumb_tendon": 0.0,
      "index": 0.0,
      "middle": 0.0,
      "ring": 0.0,
      "pinky": 0.0
    }
  },
  "playback_scale": 1.0,
  "steps_requested": 1000,
  "steps_exported": 1000,
  "target_summary": {
    "thumb_abd": {
      "min": 0.0,
      "max": 0.5058302283287048,
      "mean": 0.052841655910015106,
      "span": 0.5058302283287048,
      "nonzero_gt_005": 280
    },
    "thumb_flex": {
      "min": 0.0,
      "max": 0.8713220357894897,
      "mean": 0.3138877749443054,
      "span": 0.8713220357894897,
      "nonzero_gt_005": 737
    },
    "thumb_tendon": {
      "min": 0.0,
      "max": 0.6078800559043884,
      "mean": 0.11892036348581314,
      "span": 0.6078800559043884,
      "nonzero_gt_005": 435
    },
    "index": {
      "min": 0.0,
      "max": 0.4990568161010742,
      "mean": 0.017476549372076988,
      "span": 0.4990568161010742,
      "nonzero_gt_005": 95
    },
    "middle": {
      "min": 0.0,
      "max": 0.7087481617927551,
      "mean": 0.23014968633651733,
      "span": 0.7087481617927551,
      "nonzero_gt_005": 591
    },
    "ring": {
      "min": 0.0,
      "max": 0.37596526741981506,
      "mean": 0.0014518561074510217,
      "span": 0.37596526741981506,
      "nonzero_gt_005": 7
    },
    "pinky": {
      "min": 0.0,
      "max": 0.5714282989501953,
      "mean": 0.34410035610198975,
      "span": 0.5714282989501953,
      "nonzero_gt_005": 988
    }
  },
  "selection_score": 0.45881301164627075,
  "safety_replay_defaults": {
    "current_abort_ma": 4000.0,
    "temperature_abort_c": 60.0
  }
}