{
  "env_name": "AeroCubeRotateZAxisRealObs",
  "checkpoint_root": "/home/hw/aero-hand-sim/logs/AeroCubeRotateZAxisRealObs-20260629-103814-real_obs_dr_v1_continue_20260629_103812/checkpoints/000169738240",
  "video_rollout_index": 2,
  "seed": 1,
  "num_rollouts": 3,
  "actor_observation_type": "real_obs",
  "action_mapping": {
    "sim_action_order": [
      "index",
      "middle",
      "ring",
      "pinky",
      "right_thumb_A_cmc_abd",
      "right_th1_A_tendon",
      "right_th2_A_tendon"
    ],
    "physical_order": [
      "thumb_abd",
      "thumb_flex",
      "thumb_tendon",
      "index",
      "middle",
      "ring",
      "pinky"
    ],
    "sim_to_physical_index": [
      4,
      5,
      6,
      0,
      1,
      2,
      3
    ],
    "action_sign_by_physical": {
      "thumb_abd": -1.0,
      "thumb_flex": -1.0,
      "thumb_tendon": 1.0,
      "index": 1.0,
      "middle": 1.0,
      "ring": 1.0,
      "pinky": -1.0
    },
    "formula": "clip(raw_rest + playback_scale * sign * sim_action[sim_to_physical_index], 0, 1)",
    "raw_rest": {
      "thumb_abd": 0.014,
      "thumb_flex": 0.0,
      "thumb_tendon": 0.0,
      "index": 0.0,
      "middle": 0.0,
      "ring": 0.0,
      "pinky": 0.0
    }
  },
  "playback_scale": 1.0,
  "steps_requested": 1000,
  "steps_exported": 1000,
  "target_summary": {
    "thumb_abd": {
      "min": 0.0,
      "max": 0.6006523370742798,
      "mean": 0.055968448519706726,
      "span": 0.6006523370742798,
      "nonzero_gt_005": 298
    },
    "thumb_flex": {
      "min": 0.0,
      "max": 0.8854333758354187,
      "mean": 0.31709936261177063,
      "span": 0.8854333758354187,
      "nonzero_gt_005": 745
    },
    "thumb_tendon": {
      "min": 0.0,
      "max": 0.5431106090545654,
      "mean": 0.12342338263988495,
      "span": 0.5431106090545654,
      "nonzero_gt_005": 439
    },
    "index": {
      "min": 0.0,
      "max": 0.5140926241874695,
      "mean": 0.01746564544737339,
      "span": 0.5140926241874695,
      "nonzero_gt_005": 94
    },
    "middle": {
      "min": 0.0,
      "max": 0.5879548192024231,
      "mean": 0.22238394618034363,
      "span": 0.5879548192024231,
      "nonzero_gt_005": 579
    },
    "ring": {
      "min": 0.0,
      "max": 0.0,
      "mean": 0.0,
      "span": 0.0,
      "nonzero_gt_005": 0
    },
    "pinky": {
      "min": 0.08045251667499542,
      "max": 0.7739337086677551,
      "mean": 0.3494317829608917,
      "span": 0.6934812068939209,
      "nonzero_gt_005": 1000
    }
  },
  "selection_score": 0.45283353328704834,
  "safety_replay_defaults": {
    "current_abort_ma": 4000.0,
    "temperature_abort_c": 60.0
  }
}