{
  "env_name": "AeroCubeRotateZAxisRealObs",
  "checkpoint_root": "/home/hw/aero-hand-sim/logs/AeroCubeRotateZAxisRealObsParticipation-20260629-163348/checkpoints/000200540160",
  "video_rollout_index": 0,
  "seed": 1,
  "num_rollouts": 3,
  "actor_observation_type": "real_obs",
  "action_mapping": {
    "sim_action_order": [
      "index",
      "middle",
      "ring",
      "pinky",
      "right_thumb_A_cmc_abd",
      "right_th1_A_tendon",
      "right_th2_A_tendon"
    ],
    "physical_order": [
      "thumb_abd",
      "thumb_flex",
      "thumb_tendon",
      "index",
      "middle",
      "ring",
      "pinky"
    ],
    "sim_to_physical_index": [
      4,
      5,
      6,
      0,
      1,
      2,
      3
    ],
    "action_sign_by_physical": {
      "thumb_abd": -1.0,
      "thumb_flex": -1.0,
      "thumb_tendon": 1.0,
      "index": 1.0,
      "middle": 1.0,
      "ring": 1.0,
      "pinky": -1.0
    },
    "formula": "clip(raw_rest + playback_scale * sign * sim_action[sim_to_physical_index], 0, 1)",
    "raw_rest": {
      "thumb_abd": 0.014,
      "thumb_flex": 0.0,
      "thumb_tendon": 0.0,
      "index": 0.0,
      "middle": 0.0,
      "ring": 0.0,
      "pinky": 0.0
    }
  },
  "playback_scale": 1.0,
  "steps_requested": 1000,
  "steps_exported": 1000,
  "target_summary": {
    "thumb_abd": {
      "min": 0.0,
      "max": 0.4340142607688904,
      "mean": 0.023509524762630463,
      "span": 0.4340142607688904,
      "nonzero_gt_005": 93
    },
    "thumb_flex": {
      "min": 0.0,
      "max": 0.9757588505744934,
      "mean": 0.3049849271774292,
      "span": 0.9757588505744934,
      "nonzero_gt_005": 788
    },
    "thumb_tendon": {
      "min": 0.0,
      "max": 0.5244712829589844,
      "mean": 0.152300626039505,
      "span": 0.5244712829589844,
      "nonzero_gt_005": 490
    },
    "index": {
      "min": 0.0,
      "max": 0.6265906095504761,
      "mean": 0.012596321292221546,
      "span": 0.6265906095504761,
      "nonzero_gt_005": 35
    },
    "middle": {
      "min": 0.0,
      "max": 0.6751869916915894,
      "mean": 0.22641071677207947,
      "span": 0.6751869916915894,
      "nonzero_gt_005": 514
    },
    "ring": {
      "min": 0.0,
      "max": 0.04884205758571625,
      "mean": 4.884205918642692e-05,
      "span": 0.04884205758571625,
      "nonzero_gt_005": 0
    },
    "pinky": {
      "min": 0.04989699646830559,
      "max": 0.584376335144043,
      "mean": 0.39068299531936646,
      "span": 0.5344793200492859,
      "nonzero_gt_005": 999
    }
  },
  "selection_score": 0.3737233877182007,
  "safety_replay_defaults": {
    "current_abort_ma": 4000.0,
    "temperature_abort_c": 60.0
  }
}