{
  "env_name": "AeroCubeRotateZAxisRealObs",
  "checkpoint_root": "/home/hw/aero-hand-sim/logs/AeroCubeRotateZAxisRealObsParticipation-20260629-163348/checkpoints/000200540160",
  "video_rollout_index": 0,
  "seed": 1,
  "num_rollouts": 3,
  "actor_observation_type": "real_obs",
  "action_mapping": {
    "sim_action_order": [
      "index",
      "middle",
      "ring",
      "pinky",
      "right_thumb_A_cmc_abd",
      "right_th1_A_tendon",
      "right_th2_A_tendon"
    ],
    "physical_order": [
      "thumb_abd",
      "thumb_flex",
      "thumb_tendon",
      "index",
      "middle",
      "ring",
      "pinky"
    ],
    "sim_to_physical_index": [
      4,
      5,
      6,
      0,
      1,
      2,
      3
    ],
    "action_sign_by_physical": {
      "thumb_abd": 1.0,
      "thumb_flex": -1.0,
      "thumb_tendon": 1.0,
      "index": -1.0,
      "middle": 1.0,
      "ring": -1.0,
      "pinky": -1.0
    },
    "formula": "clip(raw_rest + corrected_sign_v2 * sim_action[sim_to_physical_index], 0, 1)",
    "raw_rest": {
      "thumb_abd": 0.014,
      "thumb_flex": 0.0,
      "thumb_tendon": 0.0,
      "index": 0.0,
      "middle": 0.0,
      "ring": 0.0,
      "pinky": 0.0
    }
  },
  "playback_scale": 1.0,
  "steps_requested": 1000,
  "steps_exported": 1000,
  "target_summary": {
    "thumb_abd": {
      "min": 0.0,
      "max": 0.9852076783180237,
      "mean": 0.34639600064381626,
      "span": 0.9852076783180237,
      "nonzero_gt_005": 831
    },
    "thumb_flex": {
      "min": 0.0,
      "max": 0.9757588505744934,
      "mean": 0.3049849205959472,
      "span": 0.9757588505744934,
      "nonzero_gt_005": 788
    },
    "thumb_tendon": {
      "min": 0.0,
      "max": 0.5244712829589844,
      "mean": 0.15230062270257622,
      "span": 0.5244712829589844,
      "nonzero_gt_005": 490
    },
    "index": {
      "min": 0.0,
      "max": 0.41055426001548767,
      "mean": 0.1489662730176351,
      "span": 0.41055426001548767,
      "nonzero_gt_005": 596
    },
    "middle": {
      "min": 0.0,
      "max": 0.6751869916915894,
      "mean": 0.22641072849690683,
      "span": 0.6751869916915894,
      "nonzero_gt_005": 514
    },
    "ring": {
      "min": 0.0,
      "max": 0.9529349207878113,
      "mean": 0.5472078302688896,
      "span": 0.9529349207878113,
      "nonzero_gt_005": 998
    },
    "pinky": {
      "min": 0.04989699646830559,
      "max": 0.584376335144043,
      "mean": 0.3906830082349479,
      "span": 0.5344793386757374,
      "nonzero_gt_005": 999
    }
  },
  "selection_score": 0.3737233877182007,
  "safety_replay_defaults": {
    "current_abort_ma": 4000.0,
    "temperature_abort_c": 60.0
  },
  "sign_correction_note": "v2: thumb_abd, index, ring, pinky close/move-toward-palm on positive/negative signs as observed from sim diagnostics and raw actions."
}