{
  "env_name": "AeroCubeRotateZAxisRealObs",
  "checkpoint_root": "/home/hw/aero-hand-sim/logs/AeroCubeRotateZAxisRealObsParticipation-20260629-163348/checkpoints/000200540160",
  "video_rollout_index": 1,
  "seed": 1,
  "num_rollouts": 3,
  "actor_observation_type": "real_obs",
  "action_mapping": {
    "sim_action_order": [
      "index",
      "middle",
      "ring",
      "pinky",
      "right_thumb_A_cmc_abd",
      "right_th1_A_tendon",
      "right_th2_A_tendon"
    ],
    "physical_order": [
      "thumb_abd",
      "thumb_flex",
      "thumb_tendon",
      "index",
      "middle",
      "ring",
      "pinky"
    ],
    "sim_to_physical_index": [
      4,
      5,
      6,
      0,
      1,
      2,
      3
    ],
    "action_sign_by_physical": {
      "thumb_abd": 1.0,
      "thumb_flex": -1.0,
      "thumb_tendon": 1.0,
      "index": -1.0,
      "middle": 1.0,
      "ring": -1.0,
      "pinky": -1.0
    },
    "formula": "clip(raw_rest + corrected_sign_v2 * sim_action[sim_to_physical_index], 0, 1)",
    "raw_rest": {
      "thumb_abd": 0.014,
      "thumb_flex": 0.0,
      "thumb_tendon": 0.0,
      "index": 0.0,
      "middle": 0.0,
      "ring": 0.0,
      "pinky": 0.0
    }
  },
  "playback_scale": 1.0,
  "steps_requested": 1000,
  "steps_exported": 1000,
  "target_summary": {
    "thumb_abd": {
      "min": 0.0,
      "max": 0.9897911562919617,
      "mean": 0.34902989480232766,
      "span": 0.9897911562919617,
      "nonzero_gt_005": 839
    },
    "thumb_flex": {
      "min": 0.0,
      "max": 0.9830448031425476,
      "mean": 0.2936525348952273,
      "span": 0.9830448031425476,
      "nonzero_gt_005": 779
    },
    "thumb_tendon": {
      "min": 0.0,
      "max": 0.559528112411499,
      "mean": 0.14989704661292488,
      "span": 0.559528112411499,
      "nonzero_gt_005": 475
    },
    "index": {
      "min": 0.0,
      "max": 0.5079227685928345,
      "mean": 0.14969268746249145,
      "span": 0.5079227685928345,
      "nonzero_gt_005": 598
    },
    "middle": {
      "min": 0.0,
      "max": 0.6190032362937927,
      "mean": 0.23316342030151282,
      "span": 0.6190032362937927,
      "nonzero_gt_005": 527
    },
    "ring": {
      "min": 0.0,
      "max": 0.9364257454872131,
      "mean": 0.545403050944209,
      "span": 0.9364257454872131,
      "nonzero_gt_005": 999
    },
    "pinky": {
      "min": 0.0,
      "max": 0.6258605122566223,
      "mean": 0.3905312557220459,
      "span": 0.6258605122566223,
      "nonzero_gt_005": 996
    }
  },
  "selection_score": 0.371864914894104,
  "safety_replay_defaults": {
    "current_abort_ma": 4000.0,
    "temperature_abort_c": 60.0
  },
  "sign_correction_note": "v2: thumb_abd, index, ring, pinky close/move-toward-palm on positive/negative signs as observed from sim diagnostics and raw actions."
}